/*
SQLyog Ultimate v11.25 (64 bit)
MySQL - 5.7.28 : Database - badminton
*********************************************************************
*/

/*!40101 SET NAMES utf8 */;

/*!40101 SET SQL_MODE=''*/;

/*!40014 SET @OLD_UNIQUE_CHECKS=@@UNIQUE_CHECKS, UNIQUE_CHECKS=0 */;
/*!40014 SET @OLD_FOREIGN_KEY_CHECKS=@@FOREIGN_KEY_CHECKS, FOREIGN_KEY_CHECKS=0 */;
/*!40101 SET @OLD_SQL_MODE=@@SQL_MODE, SQL_MODE='NO_AUTO_VALUE_ON_ZERO' */;
/*!40111 SET @OLD_SQL_NOTES=@@SQL_NOTES, SQL_NOTES=0 */;
CREATE DATABASE /*!32312 IF NOT EXISTS*/`badminton` /*!40100 DEFAULT CHARACTER SET utf8 */;

USE `badminton`;

/*Table structure for table `community` */

DROP TABLE IF EXISTS `community`;

CREATE TABLE `community` (
  `num` int(10) NOT NULL AUTO_INCREMENT COMMENT '序号',
  `comname` varchar(255) DEFAULT NULL COMMENT '社团名',
  `stuid` varchar(10) DEFAULT NULL COMMENT '学号',
  PRIMARY KEY (`num`),
  KEY `ck_com` (`stuid`),
  CONSTRAINT `ck_com` FOREIGN KEY (`stuid`) REFERENCES `student` (`stuid`)
) ENGINE=InnoDB AUTO_INCREMENT=261 DEFAULT CHARSET=utf8;

/*Data for the table `community` */

insert  into `community`(`num`,`comname`,`stuid`) values (63,'羽毛球','1950801018'),(64,'羽毛球','1950801019'),(65,'羽毛球','1950801020'),(66,'羽毛球','1950801021'),(67,'羽毛球','1950801022'),(68,'羽毛球','1950801023'),(69,'羽毛球','1950801024'),(74,'羽毛球','1950801029'),(75,'羽毛球','1950801030'),(76,'羽毛球','1950801031'),(260,'羽毛球','1950801040');

/*Table structure for table `competition` */

DROP TABLE IF EXISTS `competition`;

CREATE TABLE `competition` (
  `id` int(11) NOT NULL AUTO_INCREMENT,
  `startime` date NOT NULL,
  `endtime` date NOT NULL,
  `cpnname` varchar(255) NOT NULL,
  `cpngrade` varchar(255) DEFAULT NULL,
  `cpnaddress` varchar(255) NOT NULL,
  PRIMARY KEY (`id`)
) ENGINE=InnoDB AUTO_INCREMENT=415 DEFAULT CHARSET=utf8;

/*Data for the table `competition` */

insert  into `competition`(`id`,`startime`,`endtime`,`cpnname`,`cpngrade`,`cpnaddress`) values (371,'2020-01-07','2020-01-02','马来西亚大师赛','Super500','吉隆坡'),(372,'2020-01-14','2020-01-19','印尼大师赛','Super500','雅加达'),(373,'2020-01-21','2020-01-26','泰国大师赛','Super300','曼谷'),(374,'2020-02-11','2020-02-16','亚洲锦标赛','洲际赛','新加坡'),(375,'2020-02-18','2020-02-23','西班牙大师赛','Super300','巴塞罗那'),(376,'2020-02-25','2020-03-01','中国陵水大师赛','Super100','陵水'),(377,'2020-03-03','2020-03-08','德国公开赛','Super300','米尔海姆'),(378,'2020-03-11','2020-03-15','全英公开赛','Super1000','伯明翰'),(379,'2020-03-17','2020-03-22','瑞士公开赛','Super300','巴塞尔'),(380,'2020-03-24','2020-03-29','印度公开赛','Super500','新德里'),(381,'2020-03-24','2020-03-29','法国奥尔良大师赛','Super100','奥尔良'),(382,'2020-03-31','2020-04-05','马来西亚公开赛','Super750','吉隆坡'),(383,'2020-04-07','2020-04-12','新加坡公开赛','Super500','新加坡'),(384,'2020-04-21','2020-04-26','欧洲锦标赛','洲际单项锦标赛','基辅'),(385,'2020-04-21','2020-04-26','亚洲锦标赛','洲际单项锦标赛','武汉'),(386,'2020-04-28','2020-05-03','新西兰公开赛','Super300','奥克兰'),(387,'2020-05-16','2020-05-24','汤尤杯',' ','奥胡斯'),(388,'2020-06-02','2020-06-07','澳大利亚公开赛','Super300','悉尼'),(389,'2020-06-09','2020-06-14','泰国公开赛','Super500','曼谷'),(390,'2020-06-16','2020-06-21','印尼公开赛','Super1000','雅加达'),(391,'2020-06-23','2020-06-28','美国公开赛','Super300','富勒顿'),(392,'2020-06-30','2020-07-05','加拿大公开赛','Super100','卡尔加里'),(393,'2020-07-07','2020-07-12','俄罗斯公开赛','Super100','符拉迪沃斯托克'),(394,'2020-07-25','2020-08-03','东京奥运会羽毛球项目',' ','东京'),(395,'2020-07-28','2020-08-02','印度公开赛','Super100','海德拉巴'),(396,'2020-08-18','2020-08-23','秋田大师赛','Super100','秋田'),(397,'2020-08-25','2020-08-30','越南公开赛','Super100','岘港'),(398,'2020-09-01','2020-09-06','中国台北公开赛','Super300','台北'),(399,'2020-09-08','2020-09-13','韩国公开赛','Super500','首尔'),(400,'2020-09-15','2020-09-20','中国公开赛','Super1000','常州'),(401,'2020-09-22','2020-09-27','日本公开赛','Super750','东京'),(402,'2020-09-28','2020-10-03','世青赛（团体赛）','团体赛','奥克兰'),(403,'2020-09-29','2020-10-04','印度尼西亚大师赛','Super100','待定'),(404,'2020-10-05','2020-10-11','世青赛（单项赛）','单项赛','奥克兰'),(405,'2020-10-06','2020-10-11','荷兰公开赛','Super100','阿尔梅勒'),(406,'2020-10-13','2020-10-18','丹麦公开赛','Super750','欧登塞'),(407,'2020-10-20','2020-10-25','法国公开赛','Super750','巴黎'),(408,'2020-10-27','2020-11-01','德国萨尔州公开赛','Super100','萨尔布吕肯'),(409,'2020-10-27','2020-11-01','澳门公开赛','Super300','澳门'),(410,'2020-11-03','2020-11-08','中国福州公开赛','Super750','福州'),(411,'2020-11-10','2020-11-15','中国香港公开赛','Super500','香港'),(412,'2020-11-17','2020-11-22','印度国际赛','Super300','勒克瑙'),(413,'2020-11-24','2020-11-29','韩国大师赛','Super300','光州'),(414,'2020-12-09','2020-12-13','世界羽联总决赛',' ','广州');

/*Table structure for table `income` */

DROP TABLE IF EXISTS `income`;

CREATE TABLE `income` (
  `inid` int(11) NOT NULL AUTO_INCREMENT COMMENT '主键',
  `lgnum` int(11) DEFAULT NULL COMMENT '访问人数',
  `stime` int(11) DEFAULT NULL COMMENT '时长',
  `money` double DEFAULT NULL COMMENT '收入',
  `datess` date DEFAULT NULL COMMENT '日期',
  PRIMARY KEY (`inid`)
) ENGINE=InnoDB AUTO_INCREMENT=90 DEFAULT CHARSET=utf8;

/*Data for the table `income` */

insert  into `income`(`inid`,`lgnum`,`stime`,`money`,`datess`) values (17,33,12,11.4,'2020-03-11'),(18,12,1,15,'2020-03-12'),(19,32,4,21,'2020-03-13'),(20,321,3,21,'2020-03-14'),(21,31,2,12,'2020-03-15'),(22,12,1,12,'2020-03-16'),(23,12,6,21,'2020-03-17'),(24,56,0,0,'2020-03-18'),(25,37,2,24,'2020-03-20'),(27,0,0,0,'2020-03-21'),(28,25,0,0,'2020-03-22'),(29,0,0,0,'2020-03-23'),(30,0,0,0,'2020-03-24'),(31,0,0,0,'2020-03-25'),(32,0,0,0,'2020-03-26'),(33,0,0,0,'2020-03-27'),(34,0,0,0,'2020-03-28'),(35,0,0,0,'2020-03-29'),(36,0,0,0,'2020-03-30'),(37,0,0,0,'2020-03-31'),(38,20,28,192,'2020-04-01'),(40,0,0,0,'2020-04-02'),(41,1,0,0,'2020-04-03'),(42,0,0,0,'2020-04-04'),(44,0,0,0,'2020-04-05'),(45,0,0,0,'2020-04-06'),(46,0,0,0,'2020-04-07'),(47,9,1,12,'2020-04-08'),(48,8,0,0,'2020-04-09'),(49,0,0,0,'2020-04-10'),(50,5,6,82,'2020-04-11'),(51,0,0,0,'2020-04-12'),(52,5,4,55,'2020-04-13'),(53,8,4,55,'2020-04-14'),(54,0,0,0,'2020-04-15'),(55,0,0,0,'2020-04-16'),(56,0,0,0,'2020-04-17'),(57,0,0,0,'2020-04-18'),(58,0,0,0,'2020-04-19'),(59,0,0,0,'2020-04-20'),(60,1,0,0,'2020-04-21'),(61,1,0,0,'2020-04-22'),(63,0,0,0,'2020-04-23'),(64,3,1,20,'2020-04-24'),(65,0,0,0,'2020-04-25'),(66,3,0,0,'2020-04-26'),(68,0,0,0,'2020-04-27'),(69,0,0,0,'2020-04-28'),(70,0,0,0,'2020-04-29'),(71,0,0,0,'2020-04-30'),(72,2,1,15,'2020-05-01'),(73,0,0,0,'2020-05-02'),(74,0,0,0,'2020-05-03'),(75,0,0,0,'2020-05-04'),(76,0,0,0,'2020-05-05'),(77,0,0,0,'2020-05-06'),(78,0,0,0,'2020-05-07'),(79,0,0,0,'2020-05-08'),(80,0,0,0,'2020-05-09'),(81,0,0,0,'2020-05-10'),(82,0,0,0,'2020-05-11'),(83,0,0,0,'2020-05-12'),(84,0,0,0,'2020-05-13'),(85,0,0,0,'2020-05-14'),(86,0,0,0,'2020-05-15'),(87,0,0,0,'2020-05-16'),(88,0,0,0,'2020-05-17'),(89,0,0,0,'2020-05-18');

/*Table structure for table `order` */

DROP TABLE IF EXISTS `order`;

CREATE TABLE `order` (
  `orid` char(20) NOT NULL COMMENT '订单编号',
  `uid` varchar(255) DEFAULT NULL COMMENT '用户账号',
  `sid` int(2) DEFAULT NULL COMMENT '场地编号',
  `stime` int(11) DEFAULT NULL COMMENT '订场时间',
  `timenterval` varchar(255) DEFAULT NULL COMMENT '时间区间',
  `stprice` int(11) DEFAULT NULL COMMENT '场地费',
  `balls` int(11) DEFAULT NULL COMMENT '羽毛球数量',
  `rackets` int(11) DEFAULT NULL COMMENT '羽毛球拍数量',
  `gdprice` int(11) unsigned zerofill DEFAULT NULL COMMENT '商品消费',
  `tlprice` int(11) DEFAULT NULL COMMENT '总金额',
  `odata` datetime DEFAULT NULL COMMENT '日期',
  `instructions` varchar(255) DEFAULT NULL COMMENT '说明',
  `ostate` char(2) DEFAULT NULL COMMENT '状态',
  PRIMARY KEY (`orid`),
  KEY `ck_user` (`uid`),
  KEY `ck_site` (`sid`),
  CONSTRAINT `ck_site` FOREIGN KEY (`sid`) REFERENCES `site` (`sid`),
  CONSTRAINT `ck_user` FOREIGN KEY (`uid`) REFERENCES `user` (`uid`)
) ENGINE=InnoDB DEFAULT CHARSET=utf8;

/*Data for the table `order` */

insert  into `order`(`orid`,`uid`,`sid`,`stime`,`timenterval`,`stprice`,`balls`,`rackets`,`gdprice`,`tlprice`,`odata`,`instructions`,`ostate`) values ('202003201149171111','1750801001',1,1,'6-7',12,0,0,00000000000,12,'2020-03-20 11:49:17','2020-03-20 11:49:17预定了1号场地1小时（6-7），且租了0把球拍，买了0个球','t'),('202004011149171111','1850801111',1,3,'6-7',12,0,0,00000000000,12,'2020-04-01 11:49:17','2020-04-01 11:49:17预定了1号场地3小时（6-7），且租了0把球拍，买了0个球','f'),('202004011152081111','1850801111',1,2,'7-8',12,0,0,00000000000,12,'2020-04-01 11:52:08','2020-04-01 11:52:08预定了1号场地2小时（7-8），且租了0把球拍，买了0个球','t'),('202004011154421111','1850801111',2,3,'6-7',12,0,0,00000000000,12,'2020-04-01 11:54:42','2020-04-01 11:54:42预定了2号场地1小时（6-7），且租了0把球拍，买了0个球','t'),('202004011155031111','1850801111',2,2,'7-8',12,0,0,00000000000,12,'2020-04-01 11:55:03','2020-04-01 11:55:03预定了2号场地1小时（7-8），且租了0把球拍，买了0个球','t'),('202004011155171111','1850801111',5,3,'6-8',24,0,0,00000000000,24,'2020-04-01 11:55:17','2020-04-01 11:55:17预定了5号场地2小时（6-8），且租了0把球拍，买了0个球','t'),('202004011155411111','1850801111',9,3,'6-9',36,0,0,00000000000,36,'2020-04-01 11:55:41','2020-04-01 11:55:41预定了9号场地3小时（6-9），且租了0把球拍，买了0个球','f'),('202004011155471111','1850801111',8,3,'6-7,8-9',24,0,0,00000000000,24,'2020-04-01 11:55:47','2020-04-01 11:55:47预定了8号场地2小时（6-7,8-9），且租了0把球拍，买了0个球','f'),('202004011157111111','1850801111',7,3,'6-7,8-9',24,0,0,00000000000,24,'2020-04-01 11:57:11','2020-04-01 11:57:11预定了7号场地2小时（6-7,8-9），且租了0把球拍，买了0个球','t'),('202004011158311111','1850801111',6,2,'6-7,8-9',24,0,0,00000000000,24,'2020-04-01 11:58:31','2020-04-01 11:58:31预定了6号场地2小时（6-7,8-9），且租了0把球拍，买了0个球','t'),('202004061403471111','1850801111',1,1,'6-7',12,0,0,00000000000,12,'2020-04-06 14:03:47','2020-04-06 14:03:47预定了1号场地1小时（6-7），且租了0把球拍，买了0个球','t'),('202004081108077330','15827357330',1,1,'6-7',20,0,0,00000000000,20,'2020-04-08 11:08:07','2020-04-08 11:08:07预定了1号场地1小时（6-7），且租了0把球拍，买了0个球','f'),('202004081115317330','15827357330',1,1,'7-8',20,0,0,00000000000,20,'2020-04-08 11:15:31','2020-04-08 11:15:31预定了1号场地1小时（7-8），且租了0把球拍，买了0个球','f'),('202004081122007330','15827357330',2,1,'6-7',20,0,0,00000000000,20,'2020-04-08 11:22:00','2020-04-08 11:22:00预定了2号场地1小时（6-7），且租了0把球拍，买了0个球','f'),('202004081126197330','15827357330',2,1,'6-7',20,0,0,00000000000,20,'2020-04-08 11:26:19','2020-04-08 11:26:19预定了2号场地1小时（6-7），且租了0把球拍，买了0个球','f'),('202004081126527330','15827357330',4,1,'6-7',20,0,0,00000000000,20,'2020-04-08 11:26:52','2020-04-08 11:26:52预定了4号场地1小时（6-7），且租了0把球拍，买了0个球','f'),('202004081215381111','1850801111',1,1,'6-7',12,0,0,00000000000,12,'2020-04-08 12:15:38','2020-04-08 12:15:38预定了1号场地1小时（6-7），且租了0把球拍，买了0个球','t'),('202004111409382001','2004002001',1,1,'6-7',8,0,0,00000000000,8,'2020-04-11 14:09:38','2020-04-11 14:09:38预定了1号场地1小时（6-7），且租了0把球拍，买了0个球','t'),('202004111409492001','2004002001',2,1,'6-7',8,0,1,00000000005,13,'2020-04-11 14:09:49','2020-04-11 14:09:49预定了2号场地1小时（6-7），且租了1把球拍，买了0个球','t'),('202004111409582001','2004002001',3,1,'6-7',8,1,0,00000000006,14,'2020-04-11 14:09:58','2020-04-11 14:09:58预定了3号场地1小时（6-7），且租了0把球拍，买了1个球','t'),('202004111410427330','15827357330',1,1,'7-8',20,0,0,00000000000,20,'2020-04-11 14:10:42','2020-04-11 14:10:42预定了1号场地1小时（7-8），且租了0把球拍，买了0个球','t'),('202004111412031033','1950801033',4,1,'6-7',15,0,0,00000000000,15,'2020-04-11 14:12:03','2020-04-11 14:12:03预定了4号场地1小时（6-7），且租了0把球拍，买了0个球','t'),('202004111413521024','1950801024',1,1,'8-9',12,0,0,00000000000,12,'2020-04-11 14:13:52','2020-04-11 14:13:52预定了1号场地1小时（8-9），且租了0把球拍，买了0个球','t'),('202004131113212001','2004002001',1,1,'6-7',8,0,0,00000000000,8,'2020-04-13 11:13:21','2020-04-13 11:13:21预定了1号场地1小时（6-7），且租了0把球拍，买了0个球','t'),('202004131113391033','1950801033',1,1,'7-8',15,0,0,00000000000,15,'2020-04-13 11:13:39','2020-04-13 11:13:39预定了1号场地1小时（7-8），且租了0把球拍，买了0个球','t'),('202004131114047330','15827357330',1,1,'8-9',20,0,0,00000000000,20,'2020-04-13 11:14:04','2020-04-13 11:14:04预定了1号场地1小时（8-9），且租了0把球拍，买了0个球','t'),('202004131114291031','1950801031',2,1,'6-7',12,0,0,00000000000,12,'2020-04-13 11:14:29','2020-04-13 11:14:29预定了2号场地1小时（6-7），且租了0把球拍，买了0个球','t'),('202004141057274654','1801234654',1,1,'6-7',15,0,0,00000000000,15,'2020-04-14 10:57:27','2020-04-14 10:57:27预定了1号场地1小时（6-7），且租了0把球拍，买了0个球','f'),('202004141101564654','1801234654',1,1,'6-7',15,0,0,00000000000,15,'2020-04-14 11:01:56','2020-04-14 11:01:56预定了1号场地1小时（6-7），且租了0把球拍，买了0个球','t'),('202004141102301001','2005001001',1,1,'7-8',8,0,0,00000000000,8,'2020-04-14 11:02:30','2020-04-14 11:02:30预定了1号场地1小时（7-8），且租了0把球拍，买了0个球','t'),('202004141102511034','1950801034',1,1,'8-9',15,0,0,00000000000,15,'2020-04-14 11:02:51','2020-04-14 11:02:51预定了1号场地1小时（8-9），且租了0把球拍，买了0个球','f'),('202004141104377330','15827357330',1,1,'8-9',20,0,0,00000000000,20,'2020-04-14 11:04:37','2020-04-14 11:04:37预定了1号场地1小时（8-9），且租了0把球拍，买了0个球','t'),('202004141104541018','1950801018',2,1,'6-7',12,0,0,00000000000,12,'2020-04-14 11:04:54','2020-04-14 11:04:54预定了2号场地1小时（6-7），且租了0把球拍，买了0个球','t'),('202004241251227330','15827357330',1,1,'6-7',20,0,0,00000000000,20,'2020-04-24 12:51:22','2020-04-24 12:51:22预定了1号场地1小时（6-7），且租了0把球拍，买了0个球','t'),('202005011330041030','1950801030',1,1,'6-7',15,0,0,00000000000,15,'2020-05-01 11:30:04','2020-05-01 11:30:04预订了1号场地1小时（6-7），且租了0把球拍，买了0个球','t'),('202005021409171033','1950801033',1,1,'6-7',15,0,0,00000000000,15,'2020-05-02 14:09:17','2020-05-02 11:30:04预订了1号场地1小时（6-7），且租了0把球拍，买了0个球','t'),('202005021410151040','1950801040',2,1,'6-7',12,0,0,00000000000,12,'2020-05-02 14:10:15','2020-05-02 14:10:15预定了2号场地1小时（6-7），且租了0把球拍，买了0个球','t'),('202005031237037330','15827357330',3,1,'6-7',20,0,0,00000000000,20,'2020-05-03 12:37:03','2020-05-03 12:37:03预定了3号场地1小时（6-7），且租了0把球拍，买了0个球','t'),('202005041030231030','1950801030',2,2,'6-8',30,0,2,00000000010,40,'2020-05-04 10:30:23','2020-05-04 10:30:23预定了2号场地2小时（6-8），且租了2把球拍，买了0个球','t'),('202005041527037330','15827357330',1,1,'8-9',20,2,0,00000000012,32,'2020-05-04 15:27:10','2020-05-04 15:27:10预定了1号场地1小时（8-9），且租了0把球拍，买了2个球','t'),('202005051130121031','1950801031',1,5,'6-7',15,2,0,00000000012,27,'2020-05-05 11:30:12','2020-05-05 11:30:12预定了5号场地1小时（6-7），且租了0把球拍，买了2个球','t'),('202005051211321018','1950801018',6,1,'7-8',15,0,1,00000000005,20,'2020-05-05 12:11:32','2020-05-05 12:11:32预定了6号场地1小时（7-8），且租了1把球拍，买了0个球','t'),('202005061021321111','1850801111',4,2,'6-8',30,0,0,00000000000,30,'2020-05-06 10:21:32','2020-05-06 10:21:32预定了4号场地2小时（6-8），且租了0把球拍，买了0个球','t'),('202005061312201041','1950801041',3,1,'8-9',15,0,0,00000000000,15,'2020-05-06 13:12:20','2020-05-06 13:12:20预定了3号场地1小时（8-9），且租了0把球拍，买了0个球','t'),('202005061442551040','1950801040',5,1,'7-8',12,1,0,00000000006,18,'2020-05-06 14:42:55','2020-05-06 14:42:55预定了5号场地1小时（7-8），且租了0把球拍，买了1个球','t'),('202005071046241111','1850801111',5,1,'6-7',15,0,0,00000000000,15,'2020-05-07 10:46:24','2020-05-07 10:46:24预定了5号场地1小时（6-7），且租了0把球拍，买了1个球','t'),('202005071254072002','2004002002',2,1,'7-8',8,0,0,00000000000,8,'2020-05-07 12:54:07','2020-05-07 12:54:07预定了2号场地1小时（7-8），且租了0把球拍，买了1个球','t'),('202005071412337330','15827357330',6,1,'7-8',20,0,0,00000000000,20,'2020-05-07 14:12:33','2020-05-07 14:12:33预定了1号场地1小时（7-8），且租了0把球拍，买了1个球','t'),('202005071459511001','1750801001',5,1,'8-9',15,0,0,00000000000,15,'2020-05-07 14:59:51','2020-05-07 14:59:51预定了5号场地1小时（8-9），且租了0把球拍，买了1个球','t'),('202005091631457330','15827357330',1,1,'6-7',20,0,0,00000000000,20,'2020-05-09 16:31:45','2020-05-09 16:31:45预定了1号场地1小时（6-7），且租了0把球拍，买了0个球','t'),('202005091631567330','15827357330',2,1,'6-7',20,0,0,00000000000,20,'2020-05-09 16:31:56','2020-05-09 16:31:56预定了2号场地1小时（6-7），且租了0把球拍，买了0个球','t');

/*Table structure for table `role` */

DROP TABLE IF EXISTS `role`;

CREATE TABLE `role` (
  `rid` int(1) NOT NULL AUTO_INCREMENT COMMENT '序号',
  `rname` varchar(255) DEFAULT NULL COMMENT '级别称谓',
  `mo` int(11) DEFAULT NULL,
  PRIMARY KEY (`rid`)
) ENGINE=InnoDB AUTO_INCREMENT=6 DEFAULT CHARSET=utf8;

/*Data for the table `role` */

insert  into `role`(`rid`,`rname`,`mo`) values (1,'管理员',NULL),(2,'教师',8),(3,'学生',15),(4,'校外人员',20),(5,'社团学生',12);

/*Table structure for table `site` */

DROP TABLE IF EXISTS `site`;

CREATE TABLE `site` (
  `sid` int(2) NOT NULL AUTO_INCREMENT COMMENT '场地编号',
  `sname` varchar(255) DEFAULT NULL COMMENT '场地名',
  `time` int(1) DEFAULT NULL COMMENT '时间',
  `state` char(1) DEFAULT NULL COMMENT '状态',
  PRIMARY KEY (`sid`),
  KEY `ck_time` (`time`),
  CONSTRAINT `ck_time` FOREIGN KEY (`time`) REFERENCES `toption` (`id`)
) ENGINE=InnoDB AUTO_INCREMENT=10 DEFAULT CHARSET=utf8;

/*Data for the table `site` */

insert  into `site`(`sid`,`sname`,`time`,`state`) values (1,'一号场地',6,'t'),(2,'二号场地',6,'t'),(3,'三号场地',7,'t'),(4,'四号场地',7,'t'),(5,'五号场地',7,'t'),(6,'六号场地',7,'t'),(7,'七号场地',7,'t'),(8,'八号场地   ',7,'t'),(9,'九号场地',7,'t');

/*Table structure for table `student` */

DROP TABLE IF EXISTS `student`;

CREATE TABLE `student` (
  `stuid` varchar(10) NOT NULL COMMENT '学生学号',
  `stuname` varchar(255) DEFAULT NULL COMMENT '学生姓名',
  PRIMARY KEY (`stuid`)
) ENGINE=InnoDB DEFAULT CHARSET=utf8;

/*Data for the table `student` */

insert  into `student`(`stuid`,`stuname`) values ('1750801001','李四'),('1850801111','张三'),('1950801018','茅健世'),('1950801019','苏艺'),('1950801020','谢瑾颖'),('1950801021','黄翠雅'),('1950801022','钱才发  '),('1950801023','纪泽'),('1950801024','凤思'),('1950801029','蓝启  '),('1950801030','曹娅琦'),('1950801031','元心邦  '),('1950801032','薛涛'),('1950801033','邹斌'),('1950801034','康明永 '),('1950801035','滕河哲  '),('1950801036','苗祥 '),('1950801037','傅岚苑'),('1950801038','施振壮'),('1950801039','和翰'),('1950801040','俞子'),('1950801041','皮坚和'),('1950801042','狄娥玲'),('1950801043','奚思 '),('1950801044','吴希 '),('1950801045','吴东文 '),('1950801046','谢新'),('1950801047','沈启'),('1950801048','许颖'),('1950801049','周辉力'),('1950801050','汤谦'),('1950801051','邵澜  '),('1950801052','邹承乐'),('1950801053','吕海'),('1950801054','禹浩亮 '),('1950801055','康辰'),('1950801056','宋林有  '),('1950801057','赵达安'),('1950801058','皮纨仪'),('1950801059','倪茂进'),('1950801060','郝晨辰'),('1950801061','梁刚'),('1950801062','秦发'),('1950801063','奚君琴'),('1950801064','秦宁'),('1950801065','郑若鸣'),('1950801066','陈菲寒'),('1950801067','魏克伦'),('1950801068','冯哲'),('1950801069','姚会思 '),('1950801070','马楠榕'),('1950801071','萧保'),('1950801072','于星  '),('1950801073','朱豪'),('1950801074','殷厚庆'),('1950801075','陈广志'),('1950801076','冯博'),('1950801077','窦锦黛'),('1950801078','安保  '),('1950801079','毕昌成 ');

/*Table structure for table `teacher` */

DROP TABLE IF EXISTS `teacher`;

CREATE TABLE `teacher` (
  `teaid` varchar(10) NOT NULL COMMENT '教职工号',
  `teaname` varchar(255) DEFAULT NULL COMMENT '教职工姓名',
  PRIMARY KEY (`teaid`)
) ENGINE=InnoDB DEFAULT CHARSET=utf8;

/*Data for the table `teacher` */

insert  into `teacher`(`teaid`,`teaname`) values ('2003001001','谢博'),('2004001001','于星  '),('2004002001','朱豪'),('2004002002','殷厚庆'),('2005001001','陈广志'),('2005001002','冯博'),('2006001001','窦锦黛'),('2007001001','安保  '),('2008001001','毕昌成 '),('2009001001','冯山'),('2010001001','张天'),('2011001001','李四');

/*Table structure for table `toption` */

DROP TABLE IF EXISTS `toption`;

CREATE TABLE `toption` (
  `id` int(11) NOT NULL COMMENT '主键',
  `time` int(11) DEFAULT NULL COMMENT '营业时长',
  `tinterval` varchar(255) DEFAULT NULL COMMENT '营业时间',
  PRIMARY KEY (`id`)
) ENGINE=InnoDB DEFAULT CHARSET=utf8;

/*Data for the table `toption` */

insert  into `toption`(`id`,`time`,`tinterval`) values (1,1,'6-7'),(2,1,'7-8'),(3,2,'6-8'),(4,1,'8-9'),(5,2,'6-7,8-9'),(6,2,'7-9'),(7,3,'6-9'),(8,0,'暂不营业');

/*Table structure for table `user` */

DROP TABLE IF EXISTS `user`;

CREATE TABLE `user` (
  `uid` varchar(13) NOT NULL COMMENT '用户账号',
  `upwd` varchar(255) NOT NULL COMMENT '用户密码',
  `rid` int(1) NOT NULL COMMENT '用户级别',
  `state` char(1) DEFAULT NULL,
  PRIMARY KEY (`uid`),
  KEY `ck_role` (`rid`),
  CONSTRAINT `ck_role` FOREIGN KEY (`rid`) REFERENCES `role` (`rid`)
) ENGINE=InnoDB DEFAULT CHARSET=utf8;

/*Data for the table `user` */

insert  into `user`(`uid`,`upwd`,`rid`,`state`) values ('15827357330','c395486d37eb45e80868c0dddeccf613',4,'t'),('15827357331','c395486d37eb45e80868c0dddeccf613',4,NULL),('1750801001','41d19565e90ad0db51fb892e0e8026a5',3,'t'),('1801234654','41d19565e90ad0db51fb892e0e8026a5',3,'f'),('1850801111','c395486d37eb45e80868c0dddeccf613',5,'f'),('1950801018','41d19565e90ad0db51fb892e0e8026a5',5,'t'),('1950801019','41d19565e90ad0db51fb892e0e8026a5',5,'t'),('1950801020','41d19565e90ad0db51fb892e0e8026a5',5,'t'),('1950801021','41d19565e90ad0db51fb892e0e8026a5',5,'t'),('1950801022','41d19565e90ad0db51fb892e0e8026a5',5,'t'),('1950801023','41d19565e90ad0db51fb892e0e8026a5',5,'t'),('1950801024','41d19565e90ad0db51fb892e0e8026a5',5,'t'),('1950801029','41d19565e90ad0db51fb892e0e8026a5',5,'t'),('1950801030','41d19565e90ad0db51fb892e0e8026a5',5,'t'),('1950801031','41d19565e90ad0db51fb892e0e8026a5',5,'t'),('1950801032','41d19565e90ad0db51fb892e0e8026a5',3,'t'),('1950801033','41d19565e90ad0db51fb892e0e8026a5',3,'t'),('1950801034','41d19565e90ad0db51fb892e0e8026a5',3,'t'),('1950801035','41d19565e90ad0db51fb892e0e8026a5',3,'t'),('1950801036','41d19565e90ad0db51fb892e0e8026a5',3,'t'),('1950801037','41d19565e90ad0db51fb892e0e8026a5',3,'t'),('1950801038','41d19565e90ad0db51fb892e0e8026a5',3,'t'),('1950801039','41d19565e90ad0db51fb892e0e8026a5',3,'t'),('1950801040','41d19565e90ad0db51fb892e0e8026a5',3,'t'),('1950801041','41d19565e90ad0db51fb892e0e8026a5',3,'t'),('1950801042','41d19565e90ad0db51fb892e0e8026a5',3,'t'),('1950801043','41d19565e90ad0db51fb892e0e8026a5',3,'t'),('1950801044','41d19565e90ad0db51fb892e0e8026a5',3,'t'),('1950801045','41d19565e90ad0db51fb892e0e8026a5',3,'t'),('1950801046','41d19565e90ad0db51fb892e0e8026a5',3,'t'),('1950801047','41d19565e90ad0db51fb892e0e8026a5',3,'t'),('1950801048','41d19565e90ad0db51fb892e0e8026a5',3,'t'),('1950801049','41d19565e90ad0db51fb892e0e8026a5',3,'t'),('1950801050','41d19565e90ad0db51fb892e0e8026a5',3,'t'),('1950801051','41d19565e90ad0db51fb892e0e8026a5',3,'t'),('1950801052','41d19565e90ad0db51fb892e0e8026a5',3,'t'),('1950801053','41d19565e90ad0db51fb892e0e8026a5',3,'t'),('1950801054','41d19565e90ad0db51fb892e0e8026a5',3,'t'),('1950801055','41d19565e90ad0db51fb892e0e8026a5',3,'t'),('1950801056','41d19565e90ad0db51fb892e0e8026a5',3,'t'),('1950801057','41d19565e90ad0db51fb892e0e8026a5',3,'t'),('1950801058','41d19565e90ad0db51fb892e0e8026a5',3,'t'),('1950801059','41d19565e90ad0db51fb892e0e8026a5',3,'t'),('1950801060','41d19565e90ad0db51fb892e0e8026a5',3,'t'),('1950801061','41d19565e90ad0db51fb892e0e8026a5',3,'t'),('1950801062','41d19565e90ad0db51fb892e0e8026a5',3,'t'),('1950801063','41d19565e90ad0db51fb892e0e8026a5',3,'t'),('1950801064','41d19565e90ad0db51fb892e0e8026a5',3,'t'),('1950801065','41d19565e90ad0db51fb892e0e8026a5',3,'t'),('1950801066','41d19565e90ad0db51fb892e0e8026a5',3,'t'),('1950801067','41d19565e90ad0db51fb892e0e8026a5',3,'t'),('1950801068','41d19565e90ad0db51fb892e0e8026a5',3,'t'),('1950801069','41d19565e90ad0db51fb892e0e8026a5',3,'t'),('1950801070','41d19565e90ad0db51fb892e0e8026a5',3,'t'),('1950801071','41d19565e90ad0db51fb892e0e8026a5',3,'t'),('1950801072','41d19565e90ad0db51fb892e0e8026a5',3,'t'),('1950801073','41d19565e90ad0db51fb892e0e8026a5',3,'t'),('1950801074','41d19565e90ad0db51fb892e0e8026a5',3,'t'),('1950801075','41d19565e90ad0db51fb892e0e8026a5',3,'t'),('1950801076','41d19565e90ad0db51fb892e0e8026a5',3,'t'),('1950801077','41d19565e90ad0db51fb892e0e8026a5',3,'t'),('1950801078','41d19565e90ad0db51fb892e0e8026a5',3,'t'),('1950801079','41d19565e90ad0db51fb892e0e8026a5',3,'t'),('2003001001','41d19565e90ad0db51fb892e0e8026a5',2,'t'),('2004001001','41d19565e90ad0db51fb892e0e8026a5',2,'t'),('2004002001','41d19565e90ad0db51fb892e0e8026a5',2,'t'),('2004002002','41d19565e90ad0db51fb892e0e8026a5',2,'t'),('2005001001','41d19565e90ad0db51fb892e0e8026a5',2,'t'),('2005001002','41d19565e90ad0db51fb892e0e8026a5',2,'t'),('2006001001','41d19565e90ad0db51fb892e0e8026a5',2,'t'),('2007001001','41d19565e90ad0db51fb892e0e8026a5',2,'t'),('2008001001','41d19565e90ad0db51fb892e0e8026a5',2,'t'),('2009001001','41d19565e90ad0db51fb892e0e8026a5',2,'t'),('2010001001','41d19565e90ad0db51fb892e0e8026a5',2,'t'),('2011001001','41d19565e90ad0db51fb892e0e8026a5',2,'t'),('admin','1e3474cd6f562ad5600cf26abfb4c2f5',1,'t');

/*!40101 SET SQL_MODE=@OLD_SQL_MODE */;
/*!40014 SET FOREIGN_KEY_CHECKS=@OLD_FOREIGN_KEY_CHECKS */;
/*!40014 SET UNIQUE_CHECKS=@OLD_UNIQUE_CHECKS */;
/*!40111 SET SQL_NOTES=@OLD_SQL_NOTES */;
